City_ID,City,Lat,Lng,Max Temp,Humidity,Cloudiness,Wind Speed,Country,Date
0,port alfred,-33.5906,26.891,26.21,87,59,3.58,ZA,1674293740
1,tasiilaq,65.6145,-37.6368,-14.91,78,95,3.75,GL,1674293740
2,busselton,-33.65,115.3333,30.54,37,0,3.78,AU,1674293741
3,port-gentil,-0.7193,8.7815,28.98,79,20,3.09,GA,1674293742
4,kosiv,48.3107,25.0958,3.55,87,93,0.69,UA,1674293743
5,standerton,-26.9337,29.2415,31.37,10,99,2.5,ZA,1674293743
6,hermanus,-34.4187,19.2345,22.71,66,2,4.59,ZA,1674293745
7,ushuaia,-54.8,-68.3,9.81,87,0,1.54,AR,1674293484
8,hambantota,6.1241,81.1185,23.19,100,75,1.03,LK,1674293747
9,muli,2.9167,73.5667,26.66,71,68,6.42,MV,1674293748
10,blackwater,-23.5833,148.8833,26.04,58,58,6.74,AU,1674293749
11,formiga,-20.4644,-45.4264,18.53,95,86,2.77,BR,1674293749
12,albany,42.6001,-73.9662,-0.18,81,70,1.34,US,1674293428
13,ostrovnoy,68.0531,39.5131,-5.64,91,71,6.61,RU,1674293751
14,lebu,-37.6167,-73.65,12.56,93,9,4.05,CL,1674293751
15,dzitbalche,20.3167,-90.05,19.62,94,97,2.04,MX,1674293752
16,neckargemund,49.3922,8.7942,-1.1,91,99,3.11,DE,1674293753
17,illela,13.7292,5.2975,28.64,11,1,6.8,NG,1674293754
18,camana,-16.6228,-72.7111,21.79,82,90,1.73,PE,1674293754
19,saskylakh,71.9167,114.0833,-38.32,98,85,1.41,RU,1674293755
20,norman wells,65.282,-126.8329,-21.98,77,100,0.0,CA,1674293756
21,bluff,-46.6,168.3333,12.34,62,5,3.09,NZ,1674293757
22,dikson,73.5069,80.5464,-23.87,92,100,14.14,RU,1674293758
23,khatanga,71.9667,102.5,-42.51,99,91,1.23,RU,1674293759
24,tiksi,71.6872,128.8694,-30.76,94,96,1.44,RU,1674293759
25,avarua,-21.2078,-159.775,25.03,88,88,2.57,CK,1674293761
26,severo-kurilsk,50.6789,156.125,-8.76,76,35,7.43,RU,1674293761
27,fortuna,40.5982,-124.1573,4.19,87,0,3.09,US,1674293762
28,rikitea,-23.1203,-134.9692,25.98,74,31,5.58,PF,1674293763
29,castro,-24.7911,-50.0119,16.82,94,69,0.76,BR,1674293764
30,nemuro,43.3236,145.575,-6.31,60,29,5.07,JP,1674293764
31,chokurdakh,70.6333,147.9167,-36.48,99,87,3.12,RU,1674293766
32,kapaa,22.0752,-159.319,26.18,80,100,5.14,US,1674293767
33,najran,17.4924,44.1277,21.36,19,0,2.72,SA,1674293768
34,mataura,-46.1927,168.8643,7.68,79,1,0.24,NZ,1674293769
35,todos santos,23.45,-110.2167,12.95,37,0,3.71,MX,1674293770
36,dori,14.0354,-0.0345,28.35,10,0,5.06,BF,1674293770
37,scarborough,54.2797,-0.4044,2.41,90,83,2.34,GB,1674293771
38,tshikapa,-6.4167,20.8,23.14,88,100,1.12,CD,1674293772
39,ghanzi,-21.5667,21.7833,31.41,31,6,5.77,BW,1674293773
40,hilo,19.7297,-155.09,23.49,78,0,3.6,US,1674293773
41,mar del plata,-38.0023,-57.5575,22.27,94,75,3.09,AR,1674293532
42,ilulissat,69.2167,-51.1,-20.99,65,100,5.14,GL,1674293775
43,nantucket,41.2835,-70.0995,3.06,83,100,4.63,US,1674293545
44,port macquarie,-31.4333,152.9167,20.5,67,78,3.72,AU,1674293498
45,topi,34.0704,72.6236,15.25,47,42,1.46,PK,1674293777
46,punta arenas,-53.15,-70.9167,8.95,100,91,1.23,CL,1674293778
47,matara,5.9485,80.5353,27.1,72,78,2.01,LK,1674293779
48,brawley,32.9787,-115.5303,7.34,48,0,3.6,US,1674293780
49,worcester,42.3334,-71.8328,-1.53,96,100,2.06,US,1674293751
50,northam,51.0333,-4.2167,0.92,82,1,4.89,GB,1674293781
51,barrow,71.2906,-156.7887,-19.99,84,100,3.09,US,1674293651
52,saint-francois,46.4154,3.9054,0.69,95,100,3.6,FR,1674293783
53,ahipara,-35.1667,173.1667,18.8,93,100,1.65,NZ,1674293784
54,abu samrah,35.3029,37.1841,14.15,45,0,2.9,SY,1674293784
55,porto novo,6.4965,2.6036,29.9,53,30,2.79,BJ,1674293785
56,inhambane,-23.865,35.3833,32.99,49,40,3.09,MZ,1674293786
57,butaritari,3.0707,172.7902,27.28,74,97,7.31,KI,1674293787
58,lyngseidet,69.5763,20.2189,-4.0,90,86,4.45,NO,1674293787
59,san vicente,-26.6167,-54.1333,20.16,86,1,1.01,AR,1674293721
60,angoram,-4.0625,144.0661,23.9,96,99,1.3,PG,1674293789
61,puerto ayora,-0.7393,-90.3518,23.64,97,18,1.99,EC,1674293789
62,ust-uda,54.1742,103.0304,-32.05,95,100,1.92,RU,1674293790
63,auki,-8.7676,160.7034,26.06,81,100,1.25,SB,1674293791
64,berdigestyakh,62.0989,126.6992,-45.91,100,97,1.16,RU,1674293792
65,jamestown,42.097,-79.2353,-0.23,72,100,4.63,US,1674293638
66,bandarbeyla,9.4942,50.8122,25.34,61,6,9.41,SO,1674293793
67,agadez,19.75,10.25,20.02,16,0,2.52,NE,1674293793
68,qaanaaq,77.484,-69.3632,-34.77,62,0,3.38,GL,1674293794
69,kokstad,-30.5472,29.4241,30.32,41,18,1.33,ZA,1674293795
70,mahebourg,-20.4081,57.7,29.16,70,75,3.6,MU,1674293796
71,nome,64.5011,-165.4064,-22.96,70,0,3.6,US,1674293796
72,cape town,-33.9258,18.4232,27.84,57,20,3.6,ZA,1674293788
73,buala,-8.145,159.5921,27.02,76,95,1.37,SB,1674293798
74,los llanos de aridane,28.6585,-17.9182,15.07,80,75,5.36,ES,1674293798
75,kodiak,57.79,-152.4072,0.73,64,0,9.26,US,1674293799
76,torata,-17.0769,-70.8433,13.1,85,84,0.52,PE,1674293800
77,new ulm,44.3125,-94.4605,-5.82,93,100,0.0,US,1674293800
78,yar-sale,66.8333,70.8333,-12.38,96,100,4.51,RU,1674293801
79,san anselmo,37.9747,-122.5616,8.59,79,0,0.45,US,1674293802
80,marawi,7.9986,124.2928,20.49,96,99,1.39,PH,1674293803
81,tuktoyaktuk,69.4541,-133.0374,-26.73,99,36,2.74,CA,1674293804
82,kaohsiung,22.6163,120.3133,21.97,74,40,5.14,TW,1674293218
83,benghazi,32.1167,20.0667,16.38,40,0,8.42,LY,1674293805
84,port elizabeth,-33.918,25.5701,28.39,80,75,4.63,ZA,1674293806
85,roswell,34.0232,-84.3616,6.11,70,0,3.09,US,1674293806
86,fengrun,39.8333,118.1167,-2.2,36,12,1.49,CN,1674293807
87,cururupu,-1.8283,-44.8683,23.52,94,97,1.07,BR,1674293808
88,vaini,-21.2,-175.2,27.09,94,40,2.06,TO,1674293809
89,svarstad,59.399,9.9698,-6.06,72,29,0.54,NO,1674293809
90,atuona,-9.8,-139.0333,26.07,76,8,8.24,PF,1674293810
91,padang,-0.9492,100.3543,29.03,84,100,0.95,ID,1674293811
92,praia da vitoria,38.7333,-27.0667,15.42,82,20,7.37,PT,1674293812
93,beringovskiy,63.05,179.3167,-34.15,91,18,1.68,RU,1674293813
94,georgetown,5.4112,100.3354,27.96,87,20,2.57,MY,1674293814
95,victoria,22.2855,114.1577,18.31,82,84,5.36,HK,1674293690
96,dudinka,69.4058,86.1778,-29.1,69,77,9.86,RU,1674293815
97,bonavista,48.6499,-53.1147,-0.74,96,100,13.63,CA,1674293816
98,saint george,37.1041,-113.5841,-0.42,79,0,2.57,US,1674293817
99,papiu ilarian,46.5593,24.2006,3.67,93,20,2.57,RO,1674293819
100,avera,33.194,-82.5271,8.73,63,100,2.55,US,1674293820
101,ponta delgada,37.7333,-25.6667,15.4,63,75,2.57,PT,1674293820
102,saldanha,-33.0117,17.9442,26.03,70,14,4.68,ZA,1674293821
103,bardsir,29.9227,56.5743,4.26,35,0,2.03,IR,1674293822
104,arraial do cabo,-22.9661,-42.0278,22.98,94,75,1.03,BR,1674293823
105,east london,-33.0153,27.9116,29.52,70,20,8.75,ZA,1674293823
106,cidreira,-30.1811,-50.2056,23.34,89,100,4.42,BR,1674293824
107,indiana,40.0003,-86.2503,-0.32,79,100,2.57,US,1674293825
108,mayo,38.8876,-76.5119,4.72,68,0,4.47,US,1674293826
109,esil,51.9556,66.4042,-12.67,78,7,0.87,KZ,1674293827
110,san patricio,28.017,-97.5169,16.02,88,100,4.56,US,1674293828
111,tuatapere,-46.1333,167.6833,9.33,78,14,1.38,NZ,1674293829
112,yellowknife,62.456,-114.3525,-20.25,77,75,4.63,CA,1674293717
113,pandan,14.0453,124.1694,24.52,91,23,7.2,PH,1674293830
114,alofi,-19.0595,-169.9187,24.94,94,9,1.54,NU,1674293831
115,darnah,32.767,22.6367,15.28,43,0,7.74,LY,1674293831
116,sayyan,15.1718,44.3244,18.45,19,0,0.65,YE,1674293832
117,hobart,-42.8794,147.3294,16.92,87,75,4.63,AU,1674293175
118,tweed,44.4751,-77.3162,-3.45,97,16,1.35,CA,1674293834
119,freeport,40.6576,-73.5832,4.73,65,75,8.75,US,1674293834
120,alice springs,-23.7,133.8833,27.75,44,100,3.6,AU,1674293835
121,nsoko,-27.0333,31.95,35.48,26,99,2.28,SZ,1674293836
122,yaan,7.3833,8.5667,33.19,14,2,3.76,NG,1674293837
123,juneau,58.3019,-134.4197,6.0,89,75,8.75,US,1674293838
124,la asuncion,11.0333,-63.8628,23.85,88,11,2.06,VE,1674293701
125,marivan,35.5219,46.176,8.28,32,8,0.69,IR,1674293839
126,antalaha,-14.9003,50.2788,28.83,67,99,3.09,MG,1674293840
127,paris,48.8534,2.3488,1.19,86,75,6.69,FR,1674293640
128,katsuura,35.1333,140.3,6.51,45,93,1.36,JP,1674293841
129,hasaki,35.7333,140.8333,4.01,42,85,3.96,JP,1674293842
130,waingapu,-9.6567,120.2641,27.81,70,26,2.59,ID,1674293843
131,airai,-8.9266,125.4092,17.7,92,71,0.9,TL,1674293844
132,sinnamary,5.3833,-52.95,23.56,93,100,4.89,GF,1674293844
133,mangrol,21.1167,70.1167,24.63,40,2,5.24,IN,1674293845
134,coquimbo,-29.9533,-71.3436,15.85,77,0,3.6,CL,1674293596
135,ajdabiya,30.7554,20.2263,14.91,34,0,5.82,LY,1674293847
136,nanortalik,60.1432,-45.2371,-11.79,64,1,11.75,GL,1674293847
137,mount isa,-20.7333,139.5,34.87,29,100,0.51,AU,1674293848
138,mackay,-21.15,149.2,25.93,81,10,5.64,AU,1674293849
139,portland,45.5234,-122.6762,3.31,95,75,1.54,US,1674293807
140,nyalikungu,-3.1833,33.7833,26.34,44,100,2.5,TZ,1674293850
141,amapa,1.0,-52.0,20.63,100,96,0.99,BR,1674293851
142,tarut,26.5733,50.0369,20.11,52,2,1.04,SA,1674293852
143,spassk-dalniy,44.5978,132.8211,-27.71,95,53,1.77,RU,1674293853
144,sovetskaya gavan,48.9723,140.2878,-23.4,72,5,4.05,RU,1674293853
145,vanimo,-2.6741,141.3028,26.13,86,100,2.94,PG,1674293854
146,san carlos de bariloche,-41.1456,-71.3082,9.02,81,0,2.06,AR,1674293855
147,jardim,-21.4803,-56.1381,21.75,95,3,1.66,BR,1674293857
148,clarence town,-32.5833,151.7833,21.59,76,86,2.3,AU,1674293858
149,darhan,49.4867,105.9228,-22.78,93,100,2.49,MN,1674293858
150,kitob,39.0843,66.8332,0.36,70,70,0.98,UZ,1674293859
151,hailar,49.2,119.7,-36.41,99,49,1.57,CN,1674293860
152,kaitangata,-46.2817,169.8464,10.32,77,22,1.23,NZ,1674293861
153,sibolga,1.7427,98.7792,24.85,91,100,0.74,ID,1674293861
154,guerrero negro,27.9769,-114.0611,12.68,68,0,1.57,MX,1674293862
155,hobyo,5.3505,48.5268,27.34,62,38,11.59,SO,1674293863
156,quirinopolis,-18.4483,-50.4517,21.24,90,98,1.76,BR,1674293864
157,lakatoro,-16.0999,167.4164,27.31,80,99,2.38,VU,1674293864
158,nikolskoye,59.7035,30.7861,-1.22,85,91,0.7,RU,1674293865
159,brae,60.3964,-1.353,6.5,78,100,13.61,GB,1674293866
160,kosonsoy,41.2561,71.5508,-1.69,70,61,1.17,UZ,1674293867
161,dalby,-27.1833,151.2667,22.46,63,85,9.44,AU,1674293868
162,dimbokro,6.6451,-4.7048,30.34,54,100,1.54,CI,1674293869
163,west fargo,46.875,-96.9004,-6.97,93,100,4.12,US,1674293870
164,andenes,69.3143,16.1194,1.07,80,40,5.14,NO,1674293871
165,bredasdorp,-34.5322,20.0403,29.31,41,1,3.8,ZA,1674293654
166,iroquois falls,48.7669,-80.6831,-22.88,100,100,1.56,CA,1674293873
167,new norfolk,-42.7826,147.0587,16.72,70,99,0.89,AU,1674293875
168,mbuyapey,-26.2,-56.75,26.96,60,36,2.18,PY,1674293876
169,marzuq,14.4,46.4667,24.4,21,0,3.85,YE,1674293876
170,cap malheureux,-19.9842,57.6142,28.04,73,98,3.32,MU,1674293877
171,luderitz,-26.6481,15.1594,23.47,60,11,8.92,NA,1674293878
172,clyde river,70.4692,-68.5914,-34.87,68,0,2.57,CA,1674293585
173,tortoli,39.9256,9.6572,8.9,46,0,3.09,IT,1674293879
174,san jose,37.3394,-121.895,8.49,75,0,1.54,US,1674293346
175,killybegs,54.6333,-8.45,6.84,94,100,5.02,IE,1674293880
176,talara,-4.5772,-81.2719,21.79,71,51,5.19,PE,1674293881
177,ribeira grande,38.5167,-28.7,16.54,88,75,7.2,PT,1674293882
178,biak,-0.9131,122.8766,25.0,86,100,3.07,ID,1674293883
179,codrington,-38.2667,141.9667,15.78,88,52,6.59,AU,1674293883
180,broken hill,-31.95,141.4333,28.39,22,0,7.13,AU,1674293884
181,kovdor,67.5662,30.4758,-12.03,100,83,1.43,RU,1674293885
182,acapulco,16.8634,-99.8901,21.9,88,20,2.06,MX,1674293622
183,havelock,34.8791,-76.9013,7.99,63,98,1.34,US,1674293803
184,puerto narino,-3.7703,-70.3831,20.39,99,99,0.34,CO,1674293887
185,mandalgovi,45.7625,106.2708,-14.9,49,3,3.09,MN,1674293888
186,mardan,34.2019,72.0525,15.18,44,72,3.09,PK,1674293863
187,miracema do tocantins,-9.5618,-48.3967,23.02,92,51,1.08,BR,1674293890
188,whitehorse,60.7161,-135.0538,1.43,86,75,7.2,CA,1674293674
189,murindo,6.9848,-76.7544,21.15,99,38,0.66,CO,1674293891
190,port blair,11.6667,92.75,29.02,70,75,5.14,IN,1674293892
191,longyan,25.1072,117.0225,12.4,92,98,0.69,CN,1674293893
192,lorengau,-2.0226,147.2712,27.05,80,100,2.63,PG,1674293893
193,san rafael,-34.6177,-68.3301,20.56,28,0,2.47,AR,1674293761
194,torbay,47.6666,-52.7314,0.88,95,100,11.32,CA,1674293895
195,thompson,55.7435,-97.8558,-8.91,92,100,3.09,CA,1674293768
196,ozinki,51.1786,49.6769,-5.63,73,13,4.51,RU,1674293896
197,rocha,-34.4833,-54.3333,21.43,91,100,4.36,UY,1674293897
198,erenhot,43.6475,111.9767,-9.95,47,82,3.62,CN,1674293898
199,taitung,22.7583,121.1444,22.15,78,75,1.54,TW,1674293899
200,liuzhou,24.3126,109.3892,15.43,50,100,0.55,CN,1674293900
201,bol,13.4586,14.7147,25.44,36,50,3.13,TD,1674293901
202,thai binh,20.45,106.3333,19.12,67,3,4.43,VN,1674293902
203,saint-pierre,-21.3393,55.4781,30.82,66,100,6.17,RE,1674293903
204,ancud,-41.8697,-73.8203,13.93,93,89,1.06,CL,1674293904
205,mount pleasant,32.7941,-79.8626,11.11,64,0,2.57,US,1674293905
206,carnarvon,-24.8667,113.6333,25.27,71,2,10.02,AU,1674293906
207,nassau,40.7507,-73.5829,4.56,68,75,3.6,US,1674293907
208,severo-yeniseyskiy,60.3725,93.0408,-38.44,97,4,0.56,RU,1674293908
209,sorong,-0.8833,131.25,27.48,76,100,2.51,ID,1674293909
210,jerantut,3.936,102.3626,25.61,94,100,0.6,MY,1674293909
211,souillac,-20.5167,57.5167,29.21,70,75,3.6,MU,1674293910
212,moa,20.6569,-74.9403,21.84,83,83,3.21,CU,1674293911
213,presidencia roque saenz pena,-26.7852,-60.4388,27.73,46,1,3.78,AR,1674293912
214,quimper,48.0,-4.1,3.31,93,0,2.06,FR,1674293568
215,dinghai,26.2847,119.7936,10.51,86,100,5.54,CN,1674293914
216,bethel,41.3712,-73.414,3.05,71,100,2.57,US,1674293914
217,bengkulu,-3.8004,102.2655,27.55,76,66,3.05,ID,1674293915
218,aklavik,68.2191,-135.0107,-27.45,100,92,2.35,CA,1674293916
219,komsomolskiy,40.4272,71.7189,1.4,47,50,2.06,UZ,1674293917
220,huarmey,-10.0681,-78.1522,20.94,84,76,2.32,PE,1674293917
221,mao,39.8885,4.2658,8.31,49,40,10.29,ES,1674293919
222,hithadhoo,-0.6,73.0833,27.04,66,21,8.47,MV,1674293919
223,alugan,12.2188,125.4808,25.87,86,51,7.96,PH,1674293920
224,kirksville,40.1948,-92.5833,-8.03,93,0,0.0,US,1674293921
225,soyo,-6.1349,12.3689,27.3,72,99,0.36,AO,1674293922
226,nizwa,22.9333,57.5333,20.62,42,55,2.1,OM,1674293922
227,port lincoln,-34.7333,135.8667,17.37,75,5,9.58,AU,1674293924
228,santa rosa,14.3122,121.1114,27.99,79,73,6.42,PH,1674293924
229,kruisfontein,-34.0033,24.7314,27.16,57,77,5.24,ZA,1674293925
230,west wendover,40.7391,-114.0733,-8.44,79,0,2.06,US,1674293671
231,comodoro rivadavia,-45.8667,-67.5,14.92,94,0,1.03,AR,1674293927
232,meulaboh,4.1363,96.1285,25.41,79,100,2.16,ID,1674293927
233,taoudenni,22.6783,-3.9836,19.02,14,99,5.9,ML,1674293928
234,sovetskiy,61.3614,63.5842,-0.77,79,99,4.22,RU,1674293929
235,calarca,4.5295,-75.6409,14.25,96,78,1.23,CO,1674293929
236,muros,42.7762,-9.0603,13.38,95,75,5.71,ES,1674293930
237,sao filipe,14.8961,-24.4956,21.71,67,2,7.26,CV,1674293931
238,bud,39.447,-86.1758,0.01,83,29,2.23,US,1674293932
239,richards bay,-28.783,32.0377,35.27,35,81,4.68,ZA,1674293932
240,provideniya,64.3833,-173.3,-29.99,93,17,2.37,RU,1674293934
241,kapoeta,4.7717,33.5903,36.06,15,92,8.75,SS,1674293934
242,zeya,53.75,127.2667,-39.89,98,33,1.54,RU,1674293936
243,deputatskiy,69.3,139.9,-33.85,90,74,3.4,RU,1674293937
244,alexandria,31.2156,29.9553,18.12,61,41,2.92,EG,1674293883
245,tatarsk,55.219,75.9828,-18.72,91,94,3.94,RU,1674293939
246,makakilo city,21.3469,-158.0858,25.18,73,20,6.17,US,1674293940
247,yerbogachen,61.2767,108.0108,-42.85,100,95,0.95,RU,1674293941
248,sompeta,18.9333,84.6,26.23,65,23,4.61,IN,1674293942
249,tchibanga,-2.85,11.0333,25.91,80,100,0.71,GA,1674293942
250,usinsk,65.9939,57.5281,-3.61,97,100,3.9,RU,1674293943
251,rafai,4.95,23.9167,36.82,13,100,2.35,CF,1674293944
252,birao,10.2849,22.7882,34.2,9,9,4.8,CF,1674293945
253,burnie,-41.0667,145.9167,17.75,78,34,2.32,AU,1674293945
254,hofn,64.2539,-15.2082,7.39,90,100,11.09,IS,1674293946
255,anadyr,64.75,177.4833,-33.72,73,0,6.0,RU,1674293947
256,abu zabad,12.35,29.25,31.63,10,52,7.78,SD,1674293948
257,shubarshi,48.5872,57.1869,-4.39,73,7,3.16,KZ,1674293949
258,evensk,61.95,159.2333,-29.48,76,17,5.62,RU,1674293949
259,teguise,29.0605,-13.564,16.12,68,75,6.69,ES,1674293950
260,boyolangu,-8.1181,111.8935,26.04,86,91,3.68,ID,1674293944
261,ucluelet,48.9329,-125.5528,7.83,87,100,0.89,CA,1674293951
262,wewak,-3.5534,143.6268,26.89,81,93,4.52,PG,1674293952
263,talnakh,69.4865,88.3972,-30.22,77,60,5.05,RU,1674293953
264,bambous virieux,-20.3428,57.7575,29.14,70,75,3.6,MU,1674293954
265,nouakchott,18.0858,-15.9785,14.96,57,0,5.19,MR,1674293954
266,vestmannaeyjar,63.4427,-20.2734,6.55,93,20,5.14,IS,1674293955
267,sharjah,25.3573,55.4033,24.99,33,0,2.57,AE,1674293734
268,bayonet point,28.3267,-82.6834,17.75,79,98,4.57,US,1674293957
269,chapais,49.7834,-74.8492,-27.12,100,96,0.8,CA,1674293957
270,ko samui,9.5357,99.9357,30.95,62,20,5.14,TH,1674293958
271,luocheng,29.3848,104.0286,9.04,52,100,2.25,CN,1674293959
272,narsaq,60.9167,-46.05,-15.88,73,2,3.55,GL,1674293960
273,victor harbor,-35.5667,138.6167,17.78,80,1,1.34,AU,1674293961
274,nizhneangarsk,55.7833,109.55,-33.53,85,68,2.53,RU,1674293961
275,oktyabrskiy,54.4815,53.471,-8.59,78,80,2.47,RU,1674293962
276,port maria,18.3685,-76.8895,23.98,84,55,3.6,JM,1674293963
277,athabasca,54.7169,-113.2854,-2.77,92,100,2.96,CA,1674293759
278,port hedland,-20.3167,118.5667,32.03,58,55,5.66,AU,1674293964
279,chabahar,25.2919,60.643,18.93,32,0,1.51,IR,1674293965
280,gimli,50.6336,-96.9907,-10.99,92,62,2.06,CA,1674293966
281,walvis bay,-22.9575,14.5053,21.51,72,30,5.08,NA,1674293967
282,lavrentiya,65.5833,-171.0,-34.33,89,20,3.47,RU,1674293968
283,westport,41.1415,-73.3579,4.3,69,100,3.13,US,1674293969
284,saint-philippe,-21.3585,55.7679,30.77,83,100,5.28,RE,1674293970
285,kudahuvadhoo,2.6708,72.8944,27.08,67,46,6.61,MV,1674293971
286,lagoa,39.05,-27.9833,15.28,83,90,9.63,PT,1674293971
287,cabo san lucas,22.8909,-109.9124,18.06,76,0,1.45,MX,1674293814
288,sorland,67.667,12.6934,3.92,71,100,13.27,NO,1674293973
289,klaksvik,62.2266,-6.589,8.51,94,100,16.42,FO,1674293975
290,saint-augustin,51.226,-58.6502,-12.05,73,100,4.05,CA,1674293976
291,san cristobal,7.7669,-72.225,16.03,77,34,0.86,VE,1674293977
292,aljezur,37.3191,-8.8033,15.09,81,63,5.9,PT,1674293978
293,husavik,66.0449,-17.3389,3.65,86,96,1.69,IS,1674293979
294,ayacucho,-13.1583,-74.2239,11.13,84,100,0.66,PE,1674293979
295,cam ranh,11.9214,109.1591,25.98,69,75,5.66,VN,1674293980
296,faya,18.3851,42.4509,19.29,31,0,2.78,SA,1674293981
297,lata,40.1629,-8.3327,13.37,86,100,2.02,PT,1674293982
298,esperance,-33.8667,121.9,21.52,58,2,10.33,AU,1674293984
299,brigantine,39.4101,-74.3646,3.33,78,0,3.09,US,1674293985
300,carutapera,-1.195,-46.02,23.35,95,100,2.19,BR,1674293987
301,sawtell,-30.3833,153.1,23.01,60,100,5.66,AU,1674293987
302,cherskiy,68.75,161.3,-38.45,100,100,3.62,RU,1674293988
303,harrison,30.4091,-89.0436,13.04,60,100,4.12,US,1674293989
304,albanel,48.8832,-72.4487,-13.92,85,93,3.09,CA,1674293990
305,kulhudhuffushi,6.6221,73.07,26.21,67,48,4.83,MV,1674293991
306,nara,34.6851,135.8049,5.65,41,63,2.27,JP,1674293992
307,van,38.4924,43.3831,3.64,60,20,2.57,TR,1674293893
308,atar,20.5169,-13.0499,15.03,47,0,2.06,MR,1674293993
309,gamba,-2.65,10.0,28.37,70,100,2.36,GA,1674293994
310,aykhal,66.0,111.5,-36.75,99,69,3.7,RU,1674293995
311,tarrafal,15.2833,-23.7667,21.9,66,17,8.45,CV,1674293996
312,palizada,18.25,-92.0833,21.33,91,4,3.99,MX,1674293997
313,poum,-20.2333,164.0167,26.99,87,98,11.54,NC,1674293997
314,medicine hat,50.0501,-110.6683,1.55,69,100,4.63,CA,1674293718
315,amahai,-3.3333,128.9167,26.76,82,98,1.24,ID,1674293999
316,boca do acre,-8.7522,-67.3978,19.74,100,96,0.85,BR,1674294000
317,zhigalovo,54.8097,105.1578,-36.32,99,95,0.3,RU,1674294001
318,kazachinskoye,57.6953,93.2761,-36.73,97,19,0.14,RU,1674294002
319,ouargaye,11.5033,0.0572,30.32,13,59,4.6,BF,1674294002
320,pacasmayo,-7.4006,-79.5714,20.71,78,100,2.74,PE,1674294003
321,puerto del rosario,28.5004,-13.8627,18.86,68,40,8.75,ES,1674294004
322,coihueco,-36.6167,-71.8333,11.74,62,2,1.15,CL,1674293815
323,rio grande,-32.035,-52.0986,23.93,81,93,3.89,BR,1674294005
324,hami,42.8,93.45,-5.39,36,100,2.82,CN,1674294006
325,verkhniy tagil,57.3733,59.9556,-5.59,68,100,5.5,RU,1674294007
326,sembakung,3.8167,117.25,24.94,95,80,1.01,ID,1674294007
327,geraldton,-28.7667,114.6,24.23,73,100,5.66,AU,1674294008
328,bulawayo,-20.15,28.5833,27.99,34,98,3.96,ZW,1674294009
329,potosi,-19.5836,-65.7531,7.06,62,83,1.56,BO,1674294010
330,sistranda,63.7256,8.834,0.98,68,97,4.39,NO,1674294011
331,barcelos,41.5388,-8.6151,13.29,89,53,3.02,PT,1674293969
332,wucheng,29.6008,118.175,10.04,75,98,1.28,CN,1674294013
333,mago,53.2514,140.1822,-22.71,94,100,4.93,RU,1674294013
334,izvestkovyy,48.9833,131.55,-33.6,95,74,1.61,RU,1674294014
335,sao joao da barra,-21.6403,-41.0511,23.05,90,100,4.25,BR,1674294015
336,faanui,-16.4833,-151.75,27.19,71,55,5.37,PF,1674294016
337,oytal,42.9057,73.2697,-2.45,82,5,1.24,KZ,1674294016
338,kisangani,0.5167,25.2,27.08,66,99,1.07,CD,1674294017
339,jalingo,8.8833,11.3667,34.44,13,34,2.45,NG,1674294018
340,innisfail,-17.5333,146.0333,24.5,80,100,2.62,AU,1674294018
341,santa cruz,-17.8,-63.1667,22.7,88,75,6.17,BO,1674294019
342,eureka,40.8021,-124.1637,4.34,99,19,2.14,US,1674293879
343,carupano,10.6678,-63.2585,21.72,89,57,2.48,VE,1674294020
344,belaya gora,68.5333,146.4167,-39.07,99,99,1.37,RU,1674294022
345,itarema,-2.9248,-39.9167,24.82,86,99,3.39,BR,1674293954
346,vila velha,-20.3297,-40.2925,23.97,93,75,3.09,BR,1674294023
347,bosaso,11.2842,49.1816,25.99,65,0,8.23,SO,1674294024
348,plettenberg bay,-34.0527,23.3716,24.68,77,29,3.22,ZA,1674294025
349,tyukhtet,56.5389,89.3011,-33.68,95,6,1.42,RU,1674294025
350,kavaratti,10.5669,72.642,26.83,65,1,4.67,IN,1674294026
351,kavieng,-2.5744,150.7967,27.74,76,100,1.72,PG,1674294027
352,nelson bay,-32.7167,152.15,21.67,76,87,7.6,AU,1674294027
353,santa maria,-29.6842,-53.8069,21.61,100,40,1.54,BR,1674294028
354,dzhebariki-khaya,62.2167,135.8,-50.14,99,96,0.28,RU,1674294029
355,khash,28.2211,61.2158,7.35,33,0,3.07,IR,1674294030
356,vao,-22.6667,167.4833,25.91,87,100,12.8,NC,1674294030
357,pontes e lacerda,-15.2261,-59.3353,20.24,98,50,1.48,BR,1674294031
358,neiafu,-18.65,-173.9833,27.92,79,45,6.07,TO,1674294032
359,unai,-16.3575,-46.9061,21.26,88,100,1.27,BR,1674294032
360,upernavik,72.7868,-56.1549,-30.05,96,96,1.35,GL,1674294034
361,arlit,18.7369,7.3853,24.84,10,0,0.77,NE,1674294035
362,bathsheba,13.2167,-59.5167,25.34,73,20,9.26,BB,1674294036
363,ahtopol,42.1,27.95,13.34,67,56,5.17,BG,1674294037
364,qasigiannguit,68.8193,-51.1922,-20.86,97,100,2.65,GL,1674294038
365,burshtyn,49.2587,24.6278,1.43,99,100,3.19,UA,1674294039
366,marsabit,2.3284,37.9899,26.84,21,51,6.33,KE,1674294039
367,mount gambier,-37.8333,140.7667,15.39,82,12,5.4,AU,1674294040
368,elizabeth city,36.2946,-76.2511,4.45,80,0,2.57,US,1674294041
369,asfi,32.2994,-9.2372,15.35,72,0,5.53,MA,1674294042
370,dingle,10.9995,122.6711,24.53,90,95,4.32,PH,1674294042
371,uniontown,39.9001,-79.7164,0.72,72,100,0.45,US,1674294043
372,imbituba,-28.24,-48.6703,22.62,82,93,2.39,BR,1674294044
373,tahoua,14.8888,5.2692,25.99,7,0,4.12,NE,1674294044
374,mana,5.6592,-53.7767,23.14,88,100,4.57,GF,1674294045
375,krasnoselkup,65.7,82.4667,-26.49,81,100,7.95,RU,1674294046
376,paamiut,61.994,-49.6678,-19.84,72,2,4.6,GL,1674294047
377,sitka,57.0531,-135.33,5.94,65,100,9.77,US,1674294048
378,eyl,7.9803,49.8164,27.98,51,30,11.96,SO,1674294049
379,misratah,32.3754,15.0925,13.88,66,19,4.98,LY,1674294050
380,bilma,18.6853,12.9164,22.59,12,0,4.29,NE,1674294051
381,archidona,37.0965,-4.3887,11.62,83,71,2.39,ES,1674294052
382,kutum,14.2,24.6667,25.21,14,13,4.01,SD,1674294053
383,kalianget,-7.05,113.9333,28.36,71,62,1.52,ID,1674294055
384,balkhash,46.844,74.9804,-6.66,79,20,4.0,KZ,1674294056
385,guaraciaba do norte,-4.1669,-40.7475,19.15,89,88,1.53,BR,1674293990
386,lagos,6.5833,3.75,29.18,49,12,1.34,NG,1674293950
387,kaduy,59.2,37.15,0.46,100,100,1.02,RU,1674294058
388,kahului,20.8947,-156.47,22.69,77,0,2.06,US,1674293978
389,myre,69.1036,15.9492,1.3,83,62,9.03,NO,1674294060
390,pisco,-13.7,-76.2167,20.03,83,75,0.51,PE,1674294061
391,lima,-12.0432,-77.0282,21.06,88,75,5.66,PE,1674293540
392,oranjemund,-28.55,16.4333,21.68,66,10,6.83,NA,1674294062
393,sarangani,5.4033,125.4636,25.56,85,100,8.94,PH,1674294063
394,longyearbyen,78.2186,15.6401,-3.09,74,75,7.72,SJ,1674294063
395,port moresby,-9.4431,147.1797,26.68,78,40,1.54,PG,1674294064
396,vanino,49.0869,140.2543,-23.93,72,3,3.75,RU,1674294065
397,nyimba,-14.5566,30.8149,20.84,97,100,1.51,ZM,1674294066
398,kintampo,8.0563,-1.7306,31.5,32,90,1.63,GH,1674294067
399,mbulu,-3.85,35.5333,24.78,37,95,2.47,TZ,1674294067
400,qaqortoq,60.7167,-46.0333,-21.67,85,3,4.1,GL,1674294068
401,morondava,-20.2833,44.2833,31.35,56,77,2.99,MG,1674294069
402,stephenville,32.2207,-98.2023,8.44,67,100,3.6,US,1674294069
403,shadrinsk,56.0852,63.6335,-6.03,77,21,4.67,RU,1674294070
404,san martin,-33.081,-68.4681,23.3,56,14,2.68,AR,1674294071
405,san juan,-31.5375,-68.5364,23.87,60,0,4.38,AR,1674294072
406,contamana,-7.3333,-75.0167,20.05,99,100,1.09,PE,1674294073
407,ixtapa,20.7,-105.2,16.8,87,9,0.73,MX,1674294073
408,ylojarvi,61.5563,23.5961,-1.32,100,100,4.12,FI,1674294074
409,chernyshevskiy,63.0128,112.4714,-45.7,100,51,0.5,RU,1674294075
410,genhe,50.7833,121.5167,-33.34,99,100,1.03,CN,1674294076
411,bulnes,-36.7423,-72.2985,10.84,92,4,3.3,CL,1674294077
412,chimbote,-9.0853,-78.5783,20.39,83,95,1.71,PE,1674294077
413,almaznyy,48.0448,40.045,-0.46,68,100,8.51,RU,1674294078
414,srednekolymsk,67.45,153.6833,-35.47,98,100,3.42,RU,1674294079
415,rio verde de mato grosso,-18.9181,-54.8442,22.94,88,87,2.2,BR,1674294079
416,albufeira,37.0882,-8.2503,14.45,86,48,6.66,PT,1674293931
417,petushki,55.9264,39.461,-2.48,85,100,3.21,RU,1674294081
418,popondetta,-8.7537,148.2534,23.73,98,100,1.46,PG,1674294081
419,la rioja,42.25,-2.5,-2.12,60,6,3.22,ES,1674294082
420,paredon,16.0333,-93.8667,23.78,73,3,1.57,MX,1674294083
421,flinders,-34.5833,150.8552,21.32,67,90,2.81,AU,1674294084
422,pevek,69.7008,170.3133,-34.11,96,100,3.21,RU,1674294085
423,linhares,-19.3911,-40.0722,22.68,94,100,2.35,BR,1674294086
424,alvand,36.3187,49.1678,-0.96,68,19,1.8,IR,1674294086
425,benoy,8.9833,16.3199,32.92,11,59,4.01,TD,1674294087
426,hirara,24.8,125.2833,19.92,72,40,5.66,JP,1674293897
427,zhezkazgan,47.8043,67.7144,-7.01,63,0,8.0,KZ,1674294088
428,ndjole,-0.1783,10.7649,28.83,70,94,1.06,GA,1674294089
429,polunochnoye,60.8697,60.4153,-1.41,65,100,4.07,RU,1674294090
430,port-cartier,50.0334,-66.8654,-13.18,89,15,3.06,CA,1674294090
431,leshukonskoye,64.8989,45.7622,-5.13,94,97,3.03,RU,1674294091
432,nampa,43.5407,-116.5635,-5.74,90,0,0.0,US,1674294052
433,jati,24.3539,68.2671,23.06,23,0,4.66,PK,1674294092
434,nizhniy baskunchak,48.2198,46.8311,-0.56,73,11,7.52,RU,1674294093
435,chiang khong,20.2613,100.4046,32.02,35,1,1.14,TH,1674294094
436,emerald,-23.5333,148.1667,25.75,65,23,5.95,AU,1674294096
437,bugas,9.898,123.4049,25.73,86,93,4.56,PH,1674294098
438,alekseyevsk,57.8406,108.3492,-40.51,98,75,0.32,RU,1674294099
439,fukue,32.6881,128.8419,7.2,57,75,3.6,JP,1674294101
440,ibra,22.6906,58.5334,21.28,36,49,2.34,OM,1674293952
441,paka,4.6374,103.4368,26.32,87,100,4.27,MY,1674294103
442,falmouth,50.1544,-5.0711,7.56,80,20,2.68,GB,1674294103
443,raduzhnyy,62.0961,77.475,-21.53,94,100,7.28,RU,1674294104
444,bima,-8.4667,118.7167,27.04,84,78,0.76,ID,1674294105
445,matipo,-20.2839,-42.3411,18.85,97,100,1.04,BR,1674294106
446,san quintin,30.4833,-115.95,11.59,62,0,0.83,MX,1674294107
447,ponta do sol,32.6667,-17.1,18.17,72,55,2.03,PT,1674294107
448,rawson,-43.3002,-65.1023,17.67,86,86,6.51,AR,1674294108
449,ust-kut,56.7938,105.7672,-38.91,98,98,0.71,RU,1674294109
450,marsa matruh,31.3525,27.2453,18.11,55,20,2.06,EG,1674294110
451,porto walter,-8.2686,-72.7439,19.84,100,96,0.8,BR,1674294111
452,cockburn town,21.4612,-71.1419,24.71,73,25,4.73,TC,1674294112
453,kaputa,-8.4689,29.6619,20.34,90,100,4.39,ZM,1674294112
454,otterup,55.5153,10.3976,3.14,81,8,3.98,DK,1674294113
455,batagay,67.6333,134.6333,-47.49,97,90,1.25,RU,1674294114
456,matamoros,25.5333,-103.25,10.62,39,0,1.08,MX,1674294115
457,gubkinskiy,64.434,76.5026,-19.55,97,100,12.25,RU,1674294115
458,healdsburg,38.6105,-122.8692,4.95,87,0,2.57,US,1674294025
459,aleksandrov gay,50.147,48.5704,-3.03,59,13,4.99,RU,1674294117
460,neftcala,39.3742,49.2472,9.23,67,100,3.55,AZ,1674294117
461,tabuk,17.4189,121.4443,21.25,93,100,1.33,PH,1674294118
462,banda aceh,5.5577,95.3222,23.68,87,100,4.62,ID,1674294120
463,longido,-2.7333,36.6833,29.11,26,100,5.49,TZ,1674294120
464,ust-nera,64.5667,143.2,-33.91,99,100,0.94,RU,1674294121
465,finschhafen,-6.6024,147.8681,27.19,85,100,4.87,PG,1674294122
466,shenjiamen,29.9576,122.298,9.23,68,91,6.79,CN,1674294123
467,shingu,33.7333,135.9833,3.46,64,2,3.13,JP,1674294123
468,joigny,47.9829,3.401,1.01,92,100,5.82,FR,1674294124
469,sulangan,11.1373,123.7228,26.94,81,46,6.6,PH,1674294125
470,villa san giovanni,38.2276,15.6386,12.99,66,40,3.6,IT,1674294126
471,moree,-29.4667,149.85,28.93,29,95,4.85,AU,1674294128
472,rodeo,38.033,-122.2669,9.17,70,0,1.54,US,1674294129
473,puerto montt,-41.4698,-72.9447,13.46,100,100,1.54,CL,1674294129
474,bukene,-4.2333,32.8833,26.41,56,93,1.52,TZ,1674294130
475,wahiawa,21.5028,-158.0236,24.18,76,100,2.57,US,1674294131
476,wajir,1.7471,40.0573,33.98,27,0,6.17,KE,1674294132
477,laguna,38.421,-121.4238,5.6,91,0,2.06,US,1674294132
478,samana,19.2056,-69.3369,21.82,86,24,0.85,DO,1674294133
479,leningradskiy,69.3833,178.4167,-30.3,94,100,5.8,RU,1674294134
480,tromso,69.6496,18.957,1.01,86,40,7.2,NO,1674294134
481,honjo,36.2333,139.1833,2.6,38,1,4.78,JP,1674294135
482,yulara,-25.2406,130.9889,32.06,18,19,2.93,AU,1674294136
483,omsukchan,62.5333,155.8,-35.28,97,100,2.74,RU,1674294137
484,kaniv,49.7518,31.46,3.34,69,33,6.28,UA,1674294138
485,dunedin,-45.8742,170.5036,13.22,62,83,1.79,NZ,1674294139
486,long beach,33.767,-118.1892,11.91,66,0,0.89,US,1674294140
487,kupang,-10.1667,123.5833,25.32,94,75,1.03,ID,1674294141
488,luxor,25.6989,32.6421,20.03,32,0,2.06,EG,1674294141
489,cefalu,38.0386,14.0229,10.3,64,35,9.39,IT,1674294142
490,haines junction,60.7522,-137.5108,-1.58,97,100,2.33,CA,1674294143
491,thabazimbi,-24.5917,27.4116,31.23,16,9,2.84,ZA,1674294143
492,andros town,24.7,-77.7667,16.98,70,100,2.49,BS,1674294144
493,tarata,-17.6167,-66.0167,13.15,71,46,0.86,BO,1674294145
494,khorinsk,52.1657,109.7726,-31.63,94,86,0.82,RU,1674294146
495,salalah,17.0151,54.0924,27.05,18,0,4.12,OM,1674294147
496,jinchang,38.4953,102.1739,-4.46,19,28,2.26,CN,1674294147
497,taksimo,56.3444,114.8794,-38.52,90,37,0.89,RU,1674294148
498,quatre cocos,-20.2078,57.7625,29.06,75,76,3.35,MU,1674294149
499,obidos,-1.9175,-55.5181,22.44,95,100,1.05,BR,1674294150
500,aswan,24.0934,32.907,20.61,30,0,4.12,EG,1674294150
501,fare,-16.7,-151.0167,27.19,71,74,5.57,PF,1674294151
502,vestmanna,62.1564,-7.1664,7.51,100,100,6.69,FO,1674294152
503,araouane,18.9048,-3.5265,24.23,12,1,2.89,ML,1674294153
504,prince rupert,54.3161,-130.3201,5.83,92,100,11.32,CA,1674293895
505,touros,-5.1989,-35.4608,27.21,71,81,4.92,BR,1674294154
506,kasongo-lunda,-6.4667,16.8167,28.35,58,96,1.66,CD,1674294155
507,mandera,3.9366,41.867,34.31,25,48,8.0,KE,1674294155
508,mae hong son,19.3003,97.9685,32.08,33,20,0.0,TH,1674294156
509,ulkan,57.243,107.3223,-40.6,99,91,0.69,RU,1674294157
510,douglas,41.3,-96.167,-3.01,91,0,2.06,US,1674294158
511,grindavik,63.8424,-22.4338,2.26,80,100,4.63,IS,1674294158
512,sioux lookout,50.1001,-91.917,-6.96,93,100,3.09,CA,1674294159
513,constitucion,-35.3333,-72.4167,13.64,75,0,2.25,CL,1674294056
514,omboue,-1.5746,9.2618,28.83,69,100,2.7,GA,1674294160
515,paso de los toros,-32.8167,-56.5167,23.22,81,100,6.7,UY,1674294161
516,boden,65.8252,21.6886,-15.0,97,25,1.58,SE,1674294162
517,ayan,56.45,138.1667,-26.68,70,100,6.21,RU,1674294162
518,zavyalovo,54.5053,82.4484,-29.45,95,6,2.45,RU,1674294163
519,kyzyl-suu,42.3414,78.0056,-4.49,81,1,0.42,KG,1674294164
520,soe,-9.8607,124.284,21.25,83,15,2.14,ID,1674294165
521,fairbanks,64.8378,-147.7164,-18.81,80,75,0.0,US,1674294000
522,maltahohe,-24.8333,16.9833,29.99,31,91,6.89,NA,1674294166
523,camacha,33.0833,-16.3333,15.68,77,40,5.66,PT,1674294167
524,xai-xai,-25.0519,33.6442,30.94,54,96,4.78,MZ,1674294168
525,pangnirtung,66.1451,-65.7125,-23.34,86,100,1.58,CA,1674294168
526,ushtobe,45.2514,77.9838,-8.09,87,9,4.8,KZ,1674294169
527,shimoda,34.6667,138.95,7.31,61,97,2.4,JP,1674294170
528,semey,50.4111,80.2275,-11.88,61,0,4.0,KZ,1674294171
529,zhangye,38.9342,100.4517,-9.06,59,47,1.0,CN,1674294172
530,aksu,41.1231,80.2644,-5.67,64,0,1.77,CN,1674294173
531,gizo,-8.103,156.8419,28.22,72,84,1.55,SB,1674294173
532,yatou,37.15,122.3833,0.52,66,53,3.74,CN,1674294174
533,hualmay,-11.0964,-77.6139,20.99,83,100,2.56,PE,1674294175
534,plastun,44.7561,136.2939,-18.66,71,91,3.11,RU,1674294176
535,port arthur,38.8,121.2667,2.3,51,37,3.09,CN,1674294176
536,ust-tsilma,65.441,52.1498,-3.29,98,99,1.21,RU,1674294177
537,kushiro,42.975,144.3747,-7.47,67,20,2.57,JP,1674294178
538,cervo,43.6702,-7.4101,12.2,86,100,4.37,ES,1674294179
539,tinskoy,56.1525,96.9161,-37.1,97,64,1.04,RU,1674294179
540,samarai,-10.6167,150.6667,26.98,82,100,5.06,PG,1674294180
541,chuy,-33.6971,-53.4616,21.98,85,99,2.2,UY,1674294181
542,klyuchi,52.2667,79.1667,-22.04,92,17,2.59,RU,1674294181
543,iwanai,42.9744,140.5089,-7.46,79,100,6.43,JP,1674294182
544,kasane,-17.8167,25.15,25.05,73,75,2.57,BW,1674294183
545,ishigaki,24.3448,124.1572,20.07,73,75,6.17,JP,1674294184
546,kieta,-6.2167,155.6333,26.98,79,100,1.12,PG,1674294185
547,margate,51.3813,1.3862,5.39,72,7,1.79,GB,1674294185
548,pangkalanbuun,-2.6833,111.6167,27.23,82,88,1.58,ID,1674294186
549,hamilton,39.1834,-84.5333,1.05,77,100,2.06,US,1674293425
550,florianopolis,-27.6146,-48.5012,21.57,94,0,3.6,BR,1674294000
551,mildura,-34.2,142.15,22.26,78,75,6.6,AU,1674294188
552,sinegorye,62.0788,150.477,-30.42,100,100,1.71,RU,1674294189
553,vila franca do campo,37.7167,-25.4333,15.23,67,100,2.44,PT,1674294189
554,koumac,-20.5667,164.2833,26.38,87,99,8.97,NC,1674294190
555,libourne,44.9167,-0.25,3.28,79,12,4.49,FR,1674294191
556,aneho,6.2333,1.6,30.11,62,63,4.27,TG,1674294191
557,kuusamo,65.9667,29.1833,-2.98,93,100,5.14,FI,1674294193
558,swellendam,-34.0226,20.4417,29.93,39,0,2.59,ZA,1674294193
559,ikungi,-5.1333,34.7667,24.02,59,100,2.36,TZ,1674294194
560,ilhabela,-23.7781,-45.3581,23.51,82,9,1.49,BR,1674294195
561,nuuk,64.1835,-51.7216,-15.25,84,81,3.34,GL,1674293997
562,oyek,52.5861,104.4556,-28.68,89,100,4.04,RU,1674294196
